<?xml version="1.0" encoding="UTF-8"?>
<project-private xmlns="http://www.netbeans.org/ns/project-private/1">
    <editor-bookmarks xmlns="http://www.netbeans.org/ns/editor-bookmarks/2" lastBookmarkId="0"/>
    <open-files xmlns="http://www.netbeans.org/ns/projectui-open-files/2">
        <group>
            <file>file:/C:/Users/anive/OneDrive/Documents/NetBeansProjects/New%20folder/SchoolManagement%20System/src/schoolmanagement/system/SearchandDelete.java</file>
            <file>file:/C:/Users/anive/OneDrive/Documents/NetBeansProjects/New%20folder/SchoolManagement%20System/src/schoolmanagement/system/TeacherPage.java</file>
            <file>file:/C:/Users/anive/OneDrive/Documents/NetBeansProjects/New%20folder/SchoolManagement%20System/src/schoolmanagement/system/SchoolManagementSystem.java</file>
            <file>file:/C:/Users/anive/OneDrive/Documents/NetBeansProjects/New%20folder/SchoolManagement%20System/src/schoolmanagement/system/TeacherSearchandDelete.java</file>
        </group>
    </open-files>
</project-private>
